{
    "Area": [
        [
            [
                21.065023,
                105.793351
            ],
            [
                21.065148,
                105.794043
            ],
            [
                21.064527,
                105.794386
            ],
            [
                21.064402,
                105.793319
            ],
            [
                21.064968,
                105.793356
            ],
            [
                21.065023,
                105.793351
            ]
        ]
    ],
    "Points": [],
    "LineString": [],
    "Drone areas:": {
        "Area_1": [
            [
                21.064527002685008,
                105.79438602381587
            ],
            [
                21.064402,
                105.793319
            ],
            [
                21.06453173164247,
                105.7933274806978
            ],
            [
                21.06464791686968,
                105.7943192394434
            ],
            [
                21.064527002685008,
                105.79438602381587
            ]
        ],
        "Area_2": [
            [
                21.06464791686968,
                105.7943192394434
            ],
            [
                21.06453173164247,
                105.7933274806978
            ],
            [
                21.064661463284942,
                105.7933359614104
            ],
            [
                21.06476883105435,
                105.79425245496235
            ],
            [
                21.06464791686968,
                105.7943192394434
            ]
        ],
        "Area_3": [
            [
                21.06476883105435,
                105.79425245496235
            ],
            [
                21.064661463284942,
                105.7933359614104
            ],
            [
                21.064791194927412,
                105.7933444421378
            ],
            [
                21.06488974523902,
                105.79418567037274
            ],
            [
                21.06476883105435,
                105.79425245496235
            ]
        ],
        "Area_4": [
            [
                21.06488974523902,
                105.79418567037274
            ],
            [
                21.064791194927412,
                105.7933444421378
            ],
            [
                21.064920926569886,
                105.79335292287998
            ],
            [
                21.06501065942369,
                105.79411888567456
            ],
            [
                21.06488974523902,
                105.79418567037274
            ]
        ],
        "Area_5": [
            [
                21.06501065942369,
                105.79411888567456
            ],
            [
                21.064920926569886,
                105.79335292287998
            ],
            [
                21.065023013339136,
                105.79335100082096
            ],
            [
                21.065148016024146,
                105.79404301918251
            ],
            [
                21.06501065942369,
                105.79411888567456
            ]
        ]
    },
    "Drone grid points": {
        "Area_1-Point_1": [
            21.06460303226748,
            105.79426217530985
        ],
        "Area_1-Point_2": [
            21.06455827288777,
            105.79388010855948
        ],
        "Area_1-Point_3": [
            21.064524703352983,
            105.79359355864759
        ],
        "Area_1-Point_4": [
            21.064580652577625,
            105.79407114190593
        ],
        "Area_1-Point_5": [
            21.064513513508057,
            105.79349804203902
        ],
        "Area_1-Point_6": [
            21.064502323663127,
            105.79340252544483
        ],
        "Area_1-Point_7": [
            21.06459184242255,
            105.79416665860072
        ],
        "Area_1-Point_8": [
            21.064569462732695,
            105.79397562522553
        ],
        "Area_1-Point_9": [
            21.064535893197913,
            105.7936890752705
        ],
        "Area_1-Point_10": [
            21.06454708304284,
            105.79378459190781
        ],
        "Area_2-Point_1": [
            21.06468800453024,
            105.79388858975554
        ],
        "Area_2-Point_2": [
            21.064699194375166,
            105.79398410650552
        ],
        "Area_2-Point_3": [
            21.06472157406502,
            105.79417514004858
        ],
        "Area_2-Point_4": [
            21.06473276390995,
            105.79427065684166
        ],
        "Area_2-Point_5": [
            21.064654434995457,
            105.79360203959182
        ],
        "Area_2-Point_6": [
            21.064710384220096,
            105.79407962326987
        ],
        "Area_2-Point_7": [
            21.06467681468531,
            105.79379307301993
        ],
        "Area_2-Point_8": [
            21.0646320553056,
            105.79341100622119
        ],
        "Area_2-Point_9": [
            21.064643245150528,
            105.79350652289932
        ],
        "Area_2-Point_10": [
            21.064665624840384,
            105.7936975562987
        ],
        "Area_3-Point_1": [
            21.064840115862566,
            105.7940881046486
        ],
        "Area_3-Point_2": [
            21.06481773617271,
            105.79389707096638
        ],
        "Area_3-Point_3": [
            21.064851305707496,
            105.79418362151124
        ],
        "Area_3-Point_4": [
            21.064784166637928,
            105.79361052055086
        ],
        "Area_3-Point_5": [
            21.064806546327784,
            105.79380155414684
        ],
        "Area_3-Point_6": [
            21.064795356482854,
            105.79370603734166
        ],
        "Area_3-Point_7": [
            21.064772976792998,
            105.79351500377443
        ],
        "Area_3-Point_8": [
            21.06482892601764,
            105.7939925878003
        ],
        "Area_3-Point_9": [
            21.064761786948072,
            105.79341948701236
        ],
        "Area_4-Point_1": [
            21.064925088125324,
            105.79371451839944
        ],
        "Area_4-Point_2": [
            21.064891518590542,
            105.79342796781832
        ],
        "Area_4-Point_3": [
            21.06494746781518,
            105.79390555219203
        ],
        "Area_4-Point_4": [
            21.06495865766011,
            105.79400106910988
        ],
        "Area_4-Point_5": [
            21.0649138982804,
            105.79361900152469
        ],
        "Area_4-Point_6": [
            21.06490270843547,
            105.79352348466432
        ],
        "Area_4-Point_7": [
            21.064936277970254,
            105.79381003528854
        ],
        "Area_4-Point_8": [
            21.064969847505036,
            105.79409658604212
        ],
        "Area_5-Point_1": [
            21.065032440077943,
            105.793531965569
        ],
        "Area_5-Point_2": [
            21.06504362992287,
            105.79362748251332
        ],
        "Area_5-Point_3": [
            21.06508838930258,
            105.79400955043427
        ],
        "Area_5-Point_4": [
            21.06507719945765,
            105.79391403343247
        ],
        "Area_5-Point_5": [
            21.065066009612725,
            105.79381851644506
        ],
        "Area_5-Point_6": [
            21.065021250233013,
            105.79343644863906
        ],
        "Area_5-Point_7": [
            21.065054819767795,
            105.793722999472
        ]
    },
    "Drone paths": {
        "Path_0_0": [
            [
                21.0648891,
                105.7929579
            ],
            [
                21.06460303226748,
                105.79426217530985
            ]
        ],