{
    "Area": [
        [
            [
                21.065122,
                105.793897
            ],
            [
                21.065081,
                105.793116
            ],
            [
                21.064431,
                105.79302
            ],
            [
                21.064466,
                105.794001
            ],
            [
                21.065122,
                105.793897
            ]
        ]
    ],
    "Points": [],
    "LineString": [],
    "Drone areas:": {
        "Area_0": [
            [
                21.064466000751803,
                105.79400102130278
            ],
            [
                21.064431,
                105.79302
            ],
            [
                21.064562246556047,
                105.79303938412384
            ],
            [
                21.064595821425936,
                105.79398044080972
            ],
            [
                21.064466000751803,
                105.79400102130278
            ]
        ],
        "Area_1": [
            [
                21.064595821425936,
                105.79398044080972
            ],
            [
                21.064562246556047,
                105.79303938412384
            ],
            [
                21.064693493112095,
                105.79305876828188
            ],
            [
                21.064725642100065,
                105.79395986028074
            ],
            [
                21.064595821425936,
                105.79398044080972
            ]
        ],
        "Area_2": [
            [
                21.064725642100065,
                105.79395986028074
            ],
            [
                21.064693493112095,
                105.79305876828188
            ],
            [
                21.06482473966814,
                105.79307815247414
            ],
            [
                21.064855462774197,
                105.79393927971584
            ],
            [
                21.064725642100065,
                105.79395986028074
            ]
        ],
        "Area_3": [
            [
                21.064855462774197,
                105.79393927971584
            ],
            [
                21.06482473966814,
                105.79307815247414
            ],
            [
                21.064955986224188,
                105.79309753670059
            ],
            [
                21.06498528344833,
                105.79391869911503
            ],
            [
                21.064855462774197,
                105.79393927971584
            ]
        ],
        "Area_4": [
            [
                21.06498528344833,
                105.79391869911503
            ],
            [
                21.064955986224188,
                105.79309753670059
            ],
            [
                21.065081013962057,
                105.79311600248158
            ],
            [
                21.06512201484274,
                105.793897022912
            ],
            [
                21.06498528344833,
                105.79391869911503
            ]
        ]
    },
    "Drone grid points": {
        "A1P1": [
            21.064524199942397,
            105.79311251821802
        ],
        "A1P2": [
            21.064555088564198,
            105.79397828290192
        ],
        "A1P3": [
            21.064527632011487,
            105.79320871427626
        ],
        "A2P1": [
            21.064655446498442,
            105.79313190243563
        ],
        "A2P2": [
            21.064682903051157,
            105.79390147170834
        ],
        "A2P3": [
            21.06465887856753,
            105.79322809857919
        ],
        "A3P1": [
            21.06478669305449,
            105.79315128668745
        ],
        "A3P2": [
            21.064814149607205,
            105.79392085664271
        ],
        "A3P3": [
            21.06479012512358,
            105.79324748291633
        ],
        "A4P1": [
            21.064917939610538,
            105.79317067097348
        ],
        "A4P2": [
            21.064941964094164,
            105.79384404526603
        ],
        "A4P3": [
            21.064921371679628,
            105.79326686728767
        ],
        "A5P1": [
            21.065049186166586,
            105.7931900552937
        ],
        "A5P2": [
            21.06507321065021,
            105.7938634301835
        ],
        "A5P3": [
            21.065052618235676,
            105.79328625169322
        ]
    },
    "Drone paths": {
        "A1P0-1": [
            [
                21.0648891,
                105.7929579
            ],
            [
                21.064524199942397,
                105.79311251821802
            ]
        ],
        "A1P1-2": [
            [
                21.064524199942397,
                105.79311251821802
            ],
            [
                21.064555088564198,
                105.79397828290192
            ]
        ],
        "A1P2-3": [
            [
                21.064555088564198,
                105.79397828290192
            ],
            [
                21.06455165649511,
                105.79388208680818
            ]
        ],
        "A1P3-4": [
            [
                21.06455165649511,
                105.79388208680818
            ],
            [
                21.06454822442602,
                105.79378589071887
            ]
        ],
        "A1P4-5": [
            [
                21.06454822442602,
                105.79378589071887
            ],
            [
                21.06454479235693,
                105.79368969463401
            ]
        ],
        "A1P5-6": [
            [
                21.06454479235693,
                105.79368969463401
            ],
            [
                21.06454136028784,
                105.79359349855358
            ]
        ],
        "A1P6-7": [
            [
                21.06454136028784,
                105.79359349855358
            ],
            [
                21.06453792821875,
                105.79349730247759
            ]
        ],
        "A1P7-8": [
            [
                21.06453792821875,
                105.79349730247759
            ],
            [
                21.064534496149662,
                105.79340110640604
            ]
        ],
        "A1P8-9": [
            [
                21.064534496149662,
                105.79340110640604
            ],
            [
                21.064531064080573,
                105.79330491033893
            ]
        ],
        "A1P9-10": [
            [
                21.064531064080573,
                105.79330491033893
            ],
            [
                21.064527632011487,
                105.79320871427626
            ]
        ],
        "A2P0-1": [
            [
                21.0649163,
                105.7929579
            ],
            [
                21.064655446498442,
                105.79313190243563
            ]
        ],
        "A2P1-2": [
            [
                21.064655446498442,
                105.79313190243563
            ],
            [
                21.064682903051157,
                105.79390147170834
            ]
        ],
        "A2P2-3": [
            [
                21.064682903051157,
                105.79390147170834
            ],
            [
                21.064679470982067,
                105.79380527553371
            ]
        ],
        "A2P3-4": [
            [
                21.064679470982067,
                105.79380527553371
            ],
            [
                21.064676038912978,
                105.79370907936352
            ]
        ],
        "A2P4-5": [
            [
                21.064676038912978,
                105.79370907936352
            ],
            [
                21.06467260684389,
                105.79361288319778
            ]
        ],