{
    "Area": [
        [
            [
                21.065348,
                105.7943
            ],
            [
                21.065238,
                105.793367
            ],
            [
                21.064597,
                105.793142
            ],
            [
                21.064457,
                105.794451
            ],
            [
                21.065348,
                105.7943
            ]
        ]
    ],
    "Points": [],
    "LineString": [],
    "Drone areas:": {
        "Area_0": [
            [
                21.064457,
                105.79445102811742
            ],
            [
                21.06459700300721,
                105.793142
            ],
            [
                21.064747936081748,
                105.79319497973196
            ],
            [
                21.064616490168262,
                105.79442400029392
            ],
            [
                21.064457,
                105.79445102811742
            ]
        ],
        "Area_1": [
            [
                21.064616490168262,
                105.79442400029392
            ],
            [
                21.064747936081748,
                105.79319497973196
            ],
            [
                21.064898869156284,
                105.79324795957143
            ],
            [
                21.064775980336524,
                105.79439697241246
            ],
            [
                21.064616490168262,
                105.79442400029392
            ]
        ],
        "Area_2": [
            [
                21.064775980336524,
                105.79439697241246
            ],
            [
                21.064898869156284,
                105.79324795957143
            ],
            [
                21.06504980223082,
                105.79330093951842
            ],
            [
                21.064935470504786,
                105.79436994447306
            ],
            [
                21.064775980336524,
                105.79439697241246
            ]
        ],
        "Area_3": [
            [
                21.064935470504786,
                105.79436994447306
            ],
            [
                21.06504980223082,
                105.79330093951842
            ],
            [
                21.065200735305353,
                105.79335391957291
            ],
            [
                21.065094960673047,
                105.79434291647571
            ],
            [
                21.064935470504786,
                105.79436994447306
            ]
        ],
        "Area_4": [
            [
                21.06534801913876,
                105.79430003181028
            ],
            [
                21.065094960673047,
                105.79434291647571
            ],
            [
                21.065200735305353,
                105.79335391957291
            ],
            [
                21.06523801677595,
                105.79336700601436
            ],
            [
                21.06534801913876,
                105.79430003181028
            ]
        ]
    },
    "Drone grid points": {
        "A1P1": [
            21.06467602330987,
            105.79324860172683
        ],
        "A1P2": [
            21.06455327653367,
            105.79439628473915
        ],
        "A1P3": [
            21.064665794411855,
            105.7933442420502
        ],
        "A2P1": [
            21.064826956384408,
            105.7933015815951
        ],
        "A2P2": [
            21.064714438506222,
            105.79435362545608
        ],
        "A2P3": [
            21.06481672748639,
            105.79339722201186
        ],
        "A3P1": [
            21.064977889458945,
            105.79335456157088
        ],
        "A3P2": [
            21.064875600478775,
            105.79431096608059
        ],
        "A3P3": [
            21.064967660560928,
            105.79345020208103
        ],
        "A4P1": [
            21.06512882253348,
            105.79340754165416
        ],
        "A4P2": [
            21.065036762451328,
            105.79426830661266
        ],
        "A4P3": [
            21.065118593635464,
            105.79350318225772
        ],
        "A5P1": [
            21.065259297811984,
            105.79365180322573
        ],
        "A5P2": [
            21.065187695525864,
            105.79432128764404
        ],
        "A5P3": [
            21.065287173624558,
            105.79423660913707
        ],
        "A5P4": [
            21.065307631420595,
            105.7940453278009
        ]
    },
    "Drone paths": {
        "A1P0-1": [
            [
                21.0648841,
                105.7929573
            ],
            [
                21.06467602330987,
                105.79324860172683
            ]
        ],
        "A1P1-2": [
            [
                21.06467602330987,
                105.79324860172683
            ],
            [
                21.06455327653367,
                105.79439628473915
            ]
        ],
        "A1P2-3": [
            [
                21.06455327653367,
                105.79439628473915
            ],
            [
                21.064563505431686,
                105.79430064456047
            ]
        ],
        "A1P3-4": [
            [
                21.064563505431686,
                105.79430064456047
            ],
            [
                21.064573734329702,
                105.79420500436864
            ]
        ],
        "A1P4-5": [
            [
                21.064573734329702,
                105.79420500436864
            ],
            [
                21.06458396322772,
                105.79410936416363
            ]
        ],
        "A1P5-6": [
            [
                21.06458396322772,
                105.79410936416363
            ],
            [
                21.06459419212574,
                105.7940137239455
            ]
        ],
        "A1P6-7": [
            [
                21.06459419212574,
                105.7940137239455
            ],
            [
                21.064604421023756,
                105.79391808371419
            ]
        ],
        "A1P7-8": [
            [
                21.064604421023756,
                105.79391808371419
            ],
            [
                21.064614649921772,
                105.79382244346975
            ]
        ],
        "A1P8-9": [
            [
                21.064614649921772,
                105.79382244346975
            ],
            [
                21.06462487881979,
                105.79372680321214
            ]
        ],
        "A1P9-10": [
            [
                21.06462487881979,
                105.79372680321214
            ],
            [
                21.064635107717805,
                105.79363116294138
            ]
        ],
        "A1P10-11": [
            [
                21.064635107717805,
                105.79363116294138
            ],
            [
                21.064645336615822,
                105.79353552265748
            ]
        ],
        "A1P11-12": [
            [
                21.064645336615822,
                105.79353552265748
            ],
            [
                21.06465556551384,
                105.79343988236042
            ]
        ],
        "A1P12-13": [
            [
                21.06465556551384,
                105.79343988236042
            ],
            [
                21.064665794411855,
                105.7933442420502
            ]
        ],
        "A2P0-1": [
            [
                21.0649162,
                105.7929577
            ],
            [
                21.064826956384408,
                105.7933015815951
            ]
        ],